Hazard Ratings,
High,
High,
Significant,
Low,
High,
High,
High,
Low,
High,
High,
High,
Significant,
Significant,
Low,
Significant,
Significant,
Significant,
Low,
Significant,
Significant,
Significant,
Significant,
Significant,
Significant,
High,
High,
Low,
Low,
Low,
High,
High,
Significant,
Low,
High,
Low,
Low,
Low,
Significant,
Low,
Low,
Low,
High,
Significant,
Significant,
Significant,
Significant,
Significant,
Significant,
Significant,
Low,
High,
High,
High,
Significant,
High,
Low,
High,
High,
High,
High,
Significant,
Low,
Significant,
High,
High,
Low,
High,
Significant,
Significant,
Low,
Low,
Significant,
High,
Low,
Low,
Significant,
Low,
Low,
Significant,
Low,
Low,
High,
High,
Low,
Significant,
High,
Low,
Low,
Low,
Low,
Low,
Low,
Low,
Significant,
Significant,
High,
High,
High,
High,
High,
High,
Significant,
Significant,
Low,
Low,
High,
High,
High,
Significant,
High,
High,
High,
High,
High,
High,
High,
High,
High,
High,
High,
High,
High,
Significant,
Low,
Low,
Low,
Low,
Low,
Low,
Low,
Low,
Low,
Low,
Low,
Low,
Low,
High,
Significant,
Significant,
Low,
Unknown,
Significant,
Significant,
Significant,
Low,
Significant,
High,
High,
Significant,
Significant,
High,
High,
Unknown,
Unknown,
Significant,
Low,
Low,
Low,
Low,
High,
High,
High,
High,
High,
High,
High,
High,
Significant,
Low,
Low,
Low,
Low,
Low,
NA,
NA,
Significant,
Significant,
Significant,
High,
Unknown,
Very High,
High,
High,
High,
High,
Significant,
Low,
Extreme,
High,
Low,
Low,
High,
High,
Extreme,
High,
High,
High,
Low,
Low,
Unknown,
Unknown,
Unknown,
Unknown,
Unknown,
Significant,
High,
Significant,
Significant,
Significant,
Low,
Unknown,
Unknown,
Unknown,
Unknown,
Very High,
Low,
Very High,
Significant,
Low,
Low,
Low,
Low,
Low,
Low,
Low,
Low,
Significant,
High,
Low,
High,
Low,
Unknown,
Significant,
Significant,
Low,
Low,
Significant,
Significant,
Significant,
Significant,
High,
High,
Significant,
Significant,
Low,
Significant,
Extreme,
Extreme,
Extreme,
Extreme,
Extreme,
Very High,
Very High,
Very High,
Significant,
Very High,
Extreme,
Extreme,
Very High,
Very High,
Very High,
Extreme,
Extreme,
Extreme,
Extreme,
Very High,
Significant,
Very High,
Extreme,
Significant ,
Significant ,
Significant ,
Significant ,
Significant ,
Significant ,
Extreme,
Extreme,
Significant ,
Extreme,
Significant ,
Extreme,
Low,
Low,
Low,
Extreme,
Extreme,
Extreme,
Extreme,
Very High,
Low,
Very High,
Very High,
Low,
Low,
Low,
Low,
Low,
Very High,
Very High,
Very High,
Very High,
Very High,
Significant ,
Very High,
Very High,
Very High,
Very High,
Very High,
Very High,
Low,
Extreme,
Extreme,
Extreme,
Significant ,
Significant ,
Significant ,
Unknown,
High,
High,
High,
Significant ,
Extreme,
Extreme,
Low,
Significant,
Significant,
High,
Significant,
Very High,
High,
Significant,
High,
NA,
NA,
Low,
Low,
Low,
Low,
Significant,
Low,
Low,
Low,
Low,
Low,
Low,
Low,
Low,
Low,
Low,
Low,
Low,
Low,
Low,
Low,
Low,
Low,
Low,
Low,
Low,
Low,
Low,
High,
Low,
High,
High,
NA,
Very High,
Low,
Low,
High,
High,
Significant,
Significant,
High,
High,
High,
High,
Low,
Significant,
Low,
Low,
High,
High,
Significant,
High,
Low,
Low,
Low,
Low,
High,
High,
High,
High,
High,
Significant,
Significant,
Significant,
Significant,
High,
High,
High,
High,
Significant,
High,
High,
High,
Significant,
Significant,
Significant,
High,
High,
Significant,
High,
High,
Low,
Significant,
Significant,
Low,
High,
Significant ,
Significant,
Significant,
Low,
Low,
Low,
Significant,
Low,
Significant,
High,
Low,
Significant,
Low,
High,
Low,
Significant,
High,
Low,
Low,
Low,
Significant,
Low,
Low,
High,
High,
Very High,
High,
High,
Low,
High,
Low,
Low,
High,
Significant,
Low,
Low,
High,
High,
High,
High,
Low,
Low,
Low,
Significant,
High,
Significant,
Significant,
Significant,
Low,
Significant,
Significant,
High,
High,
High,
High,
Significant,
Significant,
Significant,
Significant,
Significant,
Significant,
Significant,
Significant,
Significant,
Significant,
Significant,
Significant,
Significant,
Significant,
Significant,
Low,
Significant,
Significant,
High,
Significant,
Very High,
High,
Significant,
Significant,
Significant,
Low,
Low,
Significant,
High,
High,
High,
Significant,
Significant,
Significant,
High,
Significant,
Significant,
Significant,
High,
High,
Significant,
High,
HIgh,
Significant,
Significant,
Significant,
Significant,
High,
High,
High,
High,
Very High,
Very High,
Very High,
Significant,
Very High,
Significant,
Significant,
Significant,
Significant,
Significant,
High,
Low,
Low,
Low,
Very High,
Significant,
Significant,
Significant,
Low,
Significant,
Significant,
Significant,
Significant,
Significant,
Significant,
Significant,
Significant,
Significant,
High,
High,
Significant,
Low,
Low,
Low,
Low,
Significant,
High,
High,
NA,
Very High,
Significant,
Significant,
Significant,
Low,
High,
Significant,
High,
Significant,
Very High,
Very High,
Significant,
High,
Low,
High,
Significant,
High,
Very High,
Very High,
Low,
Very High,
NA,
High,
High,
Very High,
Extreme,
Low,
Very High,
High,
High,
Low,
Very High,
Very High,
Very High,
Very High,
Very High,
Low,
High,
Very High,
Extreme,
Extreme,
Extreme,
Low,
High,
Significant,
Low,
High,
High,
Low,
Significant,
Low,
Significant,
Low,
Low,
Significant,
Significant,
Low,
Low,
Low,
Low,
Significant,
Low,
Low,
Low,
Significant,
Extreme,
Extreme,
High,
Significant,
High,
Low,
High,
Low,
High,
High,
Significant,
Significant,
Significant,
Significant,
High,
Significant,
Significant,
Significant,
Significant,
Significant,
Significant,
Significant,
Significant,
Significant,
Low,
Low,
Low,
Low,
Low,
Significant,
Significant,
High,
NA,
NA,
NA,
Significant,
Low,
Significant,
Low,
Significant,
High,
High,
High,
High,
High,
Significant,
High,
Significant,
Significant,
Significant,
Low,
Low,
Significant,
Significant,
Very High,
Extreme,
High,
High,
Significant,
Low,
Significant,
Very High,
High,
Low,
Significant,
Significant,
Low,
Low,
Low,
Significant,
Significant,
Significant,
Low,
High,
Low,
High,
High,
High,
High,
High,
Significant,
Very High,
Very High,
Very High,
High,
High,
High,
High,
Extreme,
Extreme,
High,
Low,
Low,
Low,
Low,
Low,
Low,
Low,
Low,
Low,
Low,
Low,
Low,
Low,
Very High,
Very High,
Very High,
Very High,
High,
High,
Very High,
Very High,
Very High,
Very High,
Very High,
NA,
Very High,
High,
High,
High,
High,
Significant,
High,
Significant,
Significant,
High,
High,
High,
High,
Low,
Low,
High,
Significant,
Significant,
Significant,
Significant,
Significant,
Very High,
Very High,
Very High,
High,
High,
High,
Significant,
Significant,
Significant,
High,
High,
High,
Very High,
High,
High,
High,
Significant,
Very High,
High,
High,
Low,
Low,
Low,
High,
Unknown,
Unknown,
Unknown,
Unknown,
Unknown,
Unknown,
Unknown,
Significant,
High,
High,
High,
High,
Low,
High,
High,
Significant,
High,
Significant,
Significant,
Significant,
Significant,
Low,
Significant,
Extreme,
Significant,
Extreme,
High,
Low,
Extreme,
Low,
Significant,
Significant,
Significant,
Significant,
Significant,
Significant,
Significant,
High,
High,
Low,
Low,
Very High,
Low,
High,
High,
High,
Extreme,
Extreme,
Low,
High,
High,
Extreme,
Extreme,
Low,
Significant,
High,
Very High,
High,
Extreme,
Extreme,
Extreme,
Low,
Low,
Significant,
Significant,
High,
Very High,
Very High,
Very High,
Very High,
High,
High,
High,
High,
High,
High,
High,
High,
High,
High,
High,
High,
High,
High,
NA,
NA,
High,
High,
High,
High,
High,
High,
Low,
Low,
High,
High,
High,
High,
High,
High,
High,
High,
High,
High,
High,
High,
High,
High,
High,
High,
High,
High,
High,
Low,
Significant,
High,
High,
Significant,
Low,
Low,
High,
High,
High,
High,
High,
Low,
Low,
High,
High,
High,
High,
NA,
High,
High,
High,
High,
High,
High,
High,
High,
Significant,
High,
High,
Significant,
High,
High,
High,
High,
High,
Low,
Low,
Low,
Low,
Low,
Low,
Low,
Low,
Low,
Low,
Low,
Low,
Low,
Low,
Low,
Significant,
Significant,
High,
Low,
High,
High,
High,
High,
Significant,
Significant,
Low,
NA,
NA,
Low,
Low,
Low,
Low,
Low,
High,
Low,
Significant,
Significant,
High,
High,
High,
Extreme,
High,
Extreme,
High,
High,
High,
Low,
Low,
Low,
High,
Significant,
Significant,
High,
High,
High,
High,
High,
High,
High,
High,
High,
High,
High,
High,
High,
High,
Significant,
High,
High,
High,
Unknown,
High,
High,
High,
High,
High,
Low,
Significant,
Low,
Significant,
Significant,
Low,
Low,
Low,
Low,
Low,
Low,
Low,
Unknown,
Unknown,
Unknown,
Unknown,
Low,
Low,
Low,
Low,
Low,
High,
Extreme,
Significant,
High,
NA,
High,
High,
High,
High,
Low,
Low,
NA,
NA,
Low,
Low,
Low,
Extreme,
Low,
Low,
Low,
Low,
Low,
Low,
High,
High,
High,
Low,
Significant,
Significant,
Significant,
Very High,
High,
Very High,
Extreme,
High,
High,
Significant,
Significant,
NA,
Significant,
Unknown,
Unknown,
Unknown,
Unknown,
High,
High,
High,
High,
High,
Low,
Low,
Unknown,
Unknown,
Unknown,
Unknown,
Unknown,
Significant,
Significant,
Significant,
Significant,
Significant,
Significant,
NA,
Significant,
Significant,
Significant,
Significant,
Significant,
Significant,
Significant,
Low,
NA,
Low,
Low,
High,
Very High,
Very High,
Very High,
Very High,
High,
Low,
Low,
Low,
Low,
Low,
Low,
Extreme,
High,
High,
Low,
High,
High,
Low,
Low,
High,
Dry,
Dry,
Dry,
Dry,
Dry,
Dry,
Dry,
Dry,
Dry,
High,
High,
High,
High,
High,
High,
High,
High,
High,
High,
Low,
High,
Low,
Low,
High,
High,
High,
High,
Low,
Low,
Low,
Low,
Low,
High,
High,
High,
High,
High,
High,
Construction,
Significant,
High,
High,
High,
High,
High,
High,
High,
High,
High,
High,
High,
High,
High,
Significant,
Low,
High,
Significant,
High,
High,
High,
Significant,
Construction,
High,
High,
High,
High,
High,
Significant,
Significant,
Low,
Low,
Low,
Low,
High,
Significant,
High,
High,
Very High,
Extreme,
Low,
Significant,
Very High,
Significant,
Very High,
Extreme,
Extreme,
Extreme,
Extreme,
Extreme,
Extreme,
Extreme,
Extreme,
High,
High,
High,
High,
High,
Significant,
High,
High,
High,
Significant,
Significant,
Significant,
High,
High,
Significant,
High,
High,
Significant,
Significant,
Significant,
Significant,
High,
High,
High,
High,
Significant,
Significant,
Significant,
Significant,
Significant,
Significant,
Significant,
Significant,
Significant,
NA,
NA,
Significant,
Significant,
Significant,
Low,
High,
High,
High,
High,
Low,
Low,
Low,
High,
Low,
Low,
Unknown,
High,
High,
Significant,
Significant,
Significant,
Low,
Significant,
High,
High,
Significant,
Significant,
Unknown,
Unknown,
Significant,
Unknown,
High,
Significant,
Significant,
Low,
Significant,
Significant,
Significant,
Significant,
Significant,
Low,
High,
High,
High,
Significant,
High,
High,
High,
Significant,
Significant,
Significant,
High,
High,
Significant,
High,
High,
Significant,
Significant,
Significant,
Significant,
High,
High,
High,
High,
Low,
Significant,
Significant,
High,
Significant,
Very High,
High,
Significant,
Significant,
Significant,
Low,
Low,
Significant,
Low,
High,
NA,
Significant,
Significant,
Low,
Significant,
Low,
Unknown,
High,
High,
Stable,
Stable,
Stable,
Stable,
Stable,
Stable,
Stable,
Stable,
Stable,
Stable,
Stable,
Stable,
Stable,
Stable,
Stable,
Stable,
Stable,
Stable,
Stable,
Stable,
Stable,
Stable,
Stable,
Stable,
Stable,
Stable,
Stable,
Stable,
Stable,
Stable,
Stable,
Stable,
Stable,
Stable,
Stable,
Stable,
Stable,
Stable,
Stable,
Stable,
Stable,
Stable,
Significant,
Significant,
High,
Unknown,
Low,
Low,
Low,
High,
Very High,
Low,
Very High,
Significant,
Low,
Very High,
Very High,
High,
High,
Very High,
Extreme,
High,
Very High,
Very High,
High,
High,
High,
High,
Significant,
Significant,
High,
Significant,
High,
Significant,
Low,
High,
High,
Low,
Low,
Extreme,
Extreme,
Extreme,
Extreme,
Extreme,
Extreme,
High,
Low,
Low,
Unknown,
Unknown,
Unknown,
Unknown,
Significant,
High,
Significant,
Significant,
NA,
Unknown,
Unknown,
NA,
NA,
NA,
Low,
Low,
Low,
Low,
Low,
Low,
Low,
Low,
Low,
Low,
Low,
Low,
Low,
Low,
Low,
Low,
Low,
Low,
Low,
Low,
Low,
Low,
Low,
Low,
Low,
Low,
Low,
Low,
Low,
Low,
Low,
Low,
Low,
Low,
Low,
Low,
Low,
Low,
Low,
Low,
Low,
Low,
Low,
Low,
Low,
Low,
Low,
Low,
Low,
Low,
Low,
High,
Low,
NA,
Very High,
Very High,
Extreme,
Extreme,
Extreme,
Extreme,
High,
Extreme,
Extreme,
Very High,
Very High,
Very High,
High,
Extreme,
Very High,
Very High,
Very High,
Significant,
Significant,
Significant,
Low,
High,
High,
Significant,
High,
Low,
Low,
Low,
Low,
Low,
Low,
Significant,
Low,
Low,
Low,
Significant,
Significant,
Significant,
Significant,
Extreme,
Significant,
Significant,
Unknown,
Unknown,
Low,
Significant,
Low,
Low,
Low,
Low,
Low,
Low,
Low,
Low,
NA,
NA,
NA,
Extreme,
Low ,
High,
High,
High,
High,
High,
High,
Low,
Significant,
High,
High,
High,
High,
High,
Significant,
High,
High,
High,
Significant,
Significant,
Significant,
High,
High,
Significant,
High,
High,
Significant,
Significant,
Significant,
Significant,
High,
High,
High,
High,
High,
Low,
Low,
Low,
Low,
Low,
Low,
Low,
Low,
Low,
High,
High,
Unknown,Class 1 EMERCON
Unknown,Class 2
Unknown,Class 4
Unknown,Class 2
Unknown,Class 4
Significant,
High,
High,
High,
High,
High,
Significant,
Significant,
High,
Significant,
Low,
Very High,
Very High,
Very High,
Very High,
Very High,
High ,
Significant,
Significant,
Significant,
High,
High,
High,
Low,
Significant,
Low,
Low,
Significant,
Low,
Low,
Significant,
High,
Unknown,
Unknown,
Low,
Significant,
Significant,
Significant,
Significant,
High,
High,
Significant,
Stable ,
Significant,
High,
Significant,
High,
NA,
High,
High,
Low,
Significant,
Significant,
High,
High,
Extreme,
High,
Significant,
Significant,
Extreme,
Extreme,
NA,
Significant,
Significant,
Extreme,
Extreme,
Significant,
Significant,
High,
Low,
Low,
Low,
Low,
Low,
Low,
Low,
Low,
Low,
Low,
Low,
Low,
Low,
Low,
Low,
Low,
Low,
Low,
Low,
Low,
Low,
Low,
Low,
Low,
Low,
Low,
Low,
Low,
Low,
Low,
Low,
Low,
Low,
Low,
Low,
Low,
Low,
Low,
Low,
Low,
Low,
Low,
Low,
Low,
Low,
Low,
Low,
Low,
Low,
Low,
Low,
Low,
Low,
Low,
Low,
Low,
Low,
Low,
Low,
Low,
Low,
Low,
Low,
Low,
Low,
Low,
Low,
Low,
Low,
Low,
Low,
Low,
Low,
Low,
Low,
Low,
Low,
Low,
Low,
Extreme,
High,
Extreme,
NA,
Very High,
Significant,
High,
Significant,
Low,
High,
Significant,
Low,
High,